[
    {
        "serial_probeta": 3,
        "nombre_material": "Material3",
        "resultado_ensayo_traccion": 0.7,
        "resultado_prueba_dureza": 70,
        "resultado_prueba_hemocompatibilidad": "Sí",
        "resultado_prueba_inflamabilidad": "No",
        "resultado_densidad": 1.4,
        "resultado_temperatura_fusion": 120,
        "fecha_realizacion": "2024-06-03",
        "responsable_id": "3"
    },
    {
        "serial_probeta": 4,
        "nombre_material": "Material4",
        "resultado_ensayo_traccion": 0.8,
        "resultado_prueba_dureza": 75,
        "resultado_prueba_hemocompatibilidad": "No",
        "resultado_prueba_inflamabilidad": "Sí",
        "resultado_densidad": 1.5,
        "resultado_temperatura_fusion": 130,
        "fecha_realizacion": "2024-06-04",
        "responsable_id": "4"
    }
]
